{"cameraMode":{"drawMode":0,"name":"Shaded","section":"Shading Mode"},"sceneLighting":true,"audioPlay":false,"sceneViewState":{"m_AlwaysRefresh":false,"showFog":true,"showSkybox":true,"showFlares":true,"showImageEffects":true,"showParticleSystems":true,"showVisualEffectGraphs":true,"m_FxEnabled":true},"in2DMode":false,"pivot":{"x":-0.044735223054885867,"y":0.3390866816043854,"z":-0.26145851612091067},"rotation":{"x":0.2414454221725464,"y":0.667483389377594,"z":-0.6608440279960632,"w":0.24387742578983308},"size":1.1050033569335938,"orthographic":true}